id,models,links,update_time,auto_boosted
90443,artworks,https://api.artic.edu/api/v1/artworks/90443,2026-03-21T00:57:03-05:00,Lever #1
91610,artworks,https://api.artic.edu/api/v1/artworks/91610,2026-03-21T00:57:02-05:00,unkown
92195,artworks,https://api.artic.edu/api/v1/artworks/92195,2026-03-21T00:57:01-05:00,unkown
92194,artworks,https://api.artic.edu/api/v1/artworks/92194,2026-03-21T00:57:01-05:00,unkown
92196,artworks,https://api.artic.edu/api/v1/artworks/92196,2026-03-21T00:57:00-05:00,unkown
92197,artworks,https://api.artic.edu/api/v1/artworks/92197,2026-03-21T00:56:59-05:00,unkown
92198,artworks,https://api.artic.edu/api/v1/artworks/92198,2026-03-21T00:56:58-05:00,unkown
94131,artworks,https://api.artic.edu/api/v1/artworks/94131,2026-03-21T00:56:57-05:00,unkown
92199,artworks,https://api.artic.edu/api/v1/artworks/92199,2026-03-21T00:56:57-05:00,unkown
95654,artworks,https://api.artic.edu/api/v1/artworks/95654,2026-03-21T00:56:56-05:00,unkown
99512,artworks,https://api.artic.edu/api/v1/artworks/99512,2026-03-21T00:56:55-05:00,unkown
112100,artworks,https://api.artic.edu/api/v1/artworks/112100,2026-03-21T00:56:54-05:00,unkown
